model_recreated_latent,repeatedly_recreated_latent
0.8072373270988464,0.6665542125701904
0.7087600231170654,0.5320186614990234
0.7346715927124023,0.5543416738510132
0.765397310256958,0.6082835793495178
0.6923204660415649,0.585949182510376
0.8117928504943848,0.6494003534317017
0.7201113700866699,0.5560623407363892
0.6918805837631226,0.5757142305374146
0.7654796838760376,0.601294994354248
0.6946842670440674,0.536291241645813
